{"cameraMode":{"drawMode":0,"name":"Shaded","section":"Shading Mode"},"sceneLighting":true,"audioPlay":false,"sceneViewState":{"showFog":true,"showMaterialUpdate":false,"showSkybox":true,"showFlares":true,"showImageEffects":true,"showParticleSystems":true},"in2DMode":false,"pivot":{"x":181.27000427246095,"y":-6.544247627258301,"z":-32.84191131591797},"rotation":{"x":-0.20211812853813172,"y":-0.7247187495231628,"z":0.23855650424957276,"w":-0.6140210628509522},"size":119.88706970214844,"orthographic":true}