{"cameraMode":{"drawMode":0,"name":"Shaded","section":"Shading Mode"},"sceneLighting":true,"audioPlay":false,"sceneViewState":{"showFog":true,"showMaterialUpdate":false,"showSkybox":true,"showFlares":true,"showImageEffects":true,"showParticleSystems":true},"in2DMode":false,"pivot":{"x":153.77012634277345,"y":2.0565567016601564,"z":17.517900466918947},"rotation":{"x":-0.36835548281669619,"y":-0.6193285584449768,"z":0.4057500660419464,"w":-0.5622395277023315},"size":430.044921875,"orthographic":false}