{"cameraMode":{"drawMode":0,"name":"Shaded","section":"Shading Mode"},"sceneLighting":true,"audioPlay":false,"sceneViewState":{"showFog":true,"showMaterialUpdate":false,"showSkybox":true,"showFlares":true,"showImageEffects":true,"showParticleSystems":true},"in2DMode":false,"pivot":{"x":164.0322723388672,"y":-14.099801063537598,"z":-43.11980438232422},"rotation":{"x":-0.18850953876972199,"y":-0.7314191460609436,"z":0.2238524854183197,"w":-0.615938663482666},"size":163.06417846679688,"orthographic":true}